"id","tool_name","bleu_score","cosine_similarity","lsa_score"
2,"MarianMT","0.2435234557505532","0.5318445917345577","0.3787160742574097"
21,"Google Translate","0.273031325760733","0.5385357359588571","0.37882622941102245"
3,"Fine-tuned MarianMT","0.22272663100249948","0.5189614924661734","0.361271385306195"
4,"Marefa","0.17046968217616096","0.4564796557498483","0.3086288391725665"
42,"Marefa","0.3665752969962651","0.43880503666487997","0.36405729887225463"
22,"MarianMT","0.23435339226037324","0.509181832959966","0.3419303710409481"
5,"Google Translate","0.20563704721972048","0.5137282139331744","0.3529768878412675"
7,"MarianMT","0.3081033066051532","0.571655553813468","0.4160540316336441"
23,"Fine-tuned MarianMT","0.1269994981414302","0.36415749764478045","0.22880479970577056"
8,"Fine-tuned MarianMT","0.25742842205534605","0.520363411890695","0.3540187560495571"
62,"Fine-tuned MarianMT","0.2254006981307327","0.5624454753486205","0.3966210130331063"
9,"Marefa","0.2892420148557147","0.47594757049674696","0.3318224838440644"
43,"MarianMT","0.345323029760182","0.5029172130562997","0.3639378151026377"
24,"Marefa","0.13181037307711446","0.36578508162927514","0.2357878401631966"
10,"Google Translate","0.38478396309666935","0.613752581674668","0.46504189595558326"
11,"MarianMT","0.18054932604289975","0.4047051966724372","0.26888718672182205"
25,"Google Translate","0.29067302874163337","0.5200027484003182","0.37025722863882643"
12,"Fine-tuned MarianMT","0.17589169310855587","0.39205854851338673","0.24863779129323957"
13,"Marefa","0.15040983861718332","0.2996212359162415","0.20310119880242614"
88,"Fine-tuned MarianMT","0.09627347391722543","0.306462991220232","0.19579549823129413"
44,"Fine-tuned MarianMT","0.20971388531071453","0.4805384695207084","0.3195315161139932"
14,"Google Translate","0.15308833255336354","0.36323244739136634","0.24502546639127223"
27,"MarianMT","0.20138292117518997","0.6528965098181211","0.4585076512897198"
15,"MarianMT","0.33472204513414117","0.7591003915478495","0.613698736507279"
75,"Fine-tuned MarianMT","0.24253240366217688","0.5808836836586702","0.4024124297974201"
16,"Fine-tuned MarianMT","0.3059559312907957","0.7437500895054354","0.5889696520564951"
28,"Fine-tuned MarianMT","0.21493522591453915","0.6197183405413171","0.44055279333345215"
17,"Marefa","0.30322355751747515","0.730315238583235","0.5829476280852227"
63,"Google Translate","0.18181323934250768","0.5114709933193353","0.3372138105244628"
45,"Google Translate","0.3066921555883264","0.42724932715146635","0.30098510415098273"
18,"MarianMT","0.2660956419980911","0.5725072111172181","0.40179668844396704"
29,"Google Translate","0.2008002062729728","0.6369789146298477","0.4543574269386289"
19,"Fine-tuned MarianMT","0.20169159314045343","0.5167807082727933","0.3424538369331769"
20,"Marefa","0.26226606714307016","0.5648265309503481","0.393755895519858"
30,"Marefa","0.08970538204603298","0.5701507767808776","0.3731341928634697"
46,"Marefa","0.22264982650487566","0.4277358065880571","0.27113534129280414"
31,"MarianMT","0.1711309138003668","0.40448151073920546","0.2639204791847063"
32,"Fine-tuned MarianMT","0.19562914927944294","0.4264388484650208","0.27563938298099283"
64,"Marefa","0.20992134329667206","0.471518192876871","0.3256748181137573"
47,"MarianMT","0.18784295412921506","0.454033841038041","0.3136860623084348"
33,"Google Translate","0.20155369030223985","0.4639796855289453","0.3128999309327846"
34,"Marefa","0.2235061296021181","0.4515643023910825","0.31118533839824075"
35,"MarianMT","0.36605929244644986","0.6272177086244147","0.44808216672049467"
50,"Fine-tuned MarianMT","0.1693566788851195","0.4262608856019176","0.2972772315379729"
36,"Fine-tuned MarianMT","0.335681194724134","0.5980217847728182","0.42550479150553444"
83,"MarianMT","0.4642206891017069","0.7032382966632249","0.5477221341460479"
37,"Google Translate","0.3581823461152518","0.49544329678187043","0.37110637316834255"
76,"Google Translate","0.3601775477346186","0.6404714747404381","0.49027519155727833"
51,"Google Translate","0.18330257138814957","0.46780927189930877","0.3153100744286164"
38,"Marefa","0.30258340132913625","0.4281607803235424","0.31557294009317555"
66,"MarianMT","0.1432970409754018","0.3906569786050319","0.25299044255221825"
39,"MarianMT","0.2508555232160821","0.3982405493552765","0.2861634536074727"
52,"Marefa","0.17919865661825604","0.4607670878196135","0.3107678764006606"
40,"Fine-tuned MarianMT","0.4105781276444598","0.497701388676826","0.43424792357912556"
41,"Google Translate","0.4105781276444598","0.497701388676826","0.4342479235791255"
53,"MarianMT","0.37539246491291844","0.6235818550043589","0.4685414368024115"
67,"Fine-tuned MarianMT","0.1276880542405272","0.4097124993791623","0.261792080667293"
54,"Fine-tuned MarianMT","0.30603309946399565","0.6042738292155051","0.4378342884376186"
94,"Marefa","0.17140713727106263","0.4423079342388343","0.2998595171382802"
77,"Google Translate","0.3601775477346186","0.6404714747404381","0.490275191557278"
55,"Google Translate","0.39233173273046684","0.6558627169126785","0.48871467421049425"
68,"Google Translate","0.17770172111297966","0.3759645848711986","0.2593286369345178"
56,"Marefa","0.30726258429139164","0.5580206024050176","0.39534915583658753"
92,"Fine-tuned MarianMT","0.16530794501843693","0.4581779399947216","0.31025810032785317"
57,"MarianMT","0.34684449537027545","0.5494696036156764","0.4099576554679627"
69,"Marefa","1.0455547781216964e-102","0.39073445942075025","0.23023342341888048"
58,"Fine-tuned MarianMT","0.2656636097614485","0.44639347983777344","0.30944187939127243"
84,"Fine-tuned MarianMT","0.38098417030702053","0.6861662771656931","0.517697394426008"
78,"Marefa","0.3440862284904259","0.6515034039441837","0.4858612794128227"
59,"Google Translate","0.4160506928656158","0.5791426572664056","0.4510833281629307"
70,"MarianMT","0.3262124636843936","0.6325270490279993","0.463831691059769"
60,"Marefa","0.35734521505470807","0.5296596356876494","0.378104284359398"
61,"MarianMT","0.12099615193648293","0.3632763035941603","0.25067590429387515"
71,"Fine-tuned MarianMT","0.2648335562521213","0.5412023647091705","0.3848635650876504"
89,"Google Translate","0.18982276841056792","0.43154432311171537","0.2858728319154184"
79,"MarianMT","0.12874960825589304","0.47887918895336146","0.31090447997958975"
72,"Google Translate","0.48502249476062415","0.7490635801298793","0.5890919664351358"
73,"Marefa","0.3239791667226611","0.6124179984918947","0.45201790343204645"
85,"Google Translate","0.6403967240965546","0.821320133145192","0.6655543675734199"
80,"Fine-tuned MarianMT","0.1349973391144941","0.47435972108489455","0.30188130401523106"
74,"MarianMT","0.1580311515523437","0.4356623615788329","0.29318067770625916"
81,"Google Translate","0.16976344357673684","0.5273577596189452","0.35396217174151384"
86,"Marefa","0.309980884114585","0.5381687570107142","0.4044293768004606"
82,"Marefa","0.15320425403402543","0.5009906014234108","0.3290688361684441"
90,"Marefa","0.11779435171227028","0.4058790265429325","0.25967888136278855"
87,"MarianMT","0.17692505682773724","0.45464370089768846","0.3065839946195691"
93,"Google Translate","0.22095109445186617","0.5064131185998556","0.3504639753902067"
91,"MarianMT","0.13879551313385532","0.399899519210059","0.2719536846791073"
99,"Google Translate","0.15625601095717542","0.39084715788822644","0.27360997850003943"
98,"Fine-tuned MarianMT","0.0964141998814021","0.38193466791601793","0.2405534381332292"
97,"MarianMT","0.06621377897856967","0.36773426292796624","0.22933598410065262"
100,"Marefa","0.09381299413047701","0.37520745446397724","0.2412050180623586"
101,"MarianMT","0.260542580408769","0.5854623140457831","0.4239379138285911"
102,"Fine-tuned MarianMT","0.24146869189282752","0.5420909281569419","0.39582554438373885"
103,"Google Translate","0.2924578372438937","0.5588495103677913","0.4316475851426521"
104,"Marefa","0.20563998240277795","0.4897779299048896","0.3591523401356923"
105,"MarianMT","0.13308307567425975","0.24510825373513373","0.16263583579993376"
106,"Fine-tuned MarianMT","0.10800418808527393","0.2066491496593975","0.1330169759541273"
107,"Google Translate","0.07485336311113357","0.2575065501897791","0.14863394847655775"
108,"Marefa","0.09809138409567972","0.16590232721024945","0.1099210141521471"
109,"MarianMT","0.25836069123259653","0.6183543593122328","0.41361665342410137"
137,"MarianMT","0.3854530394781468","0.6130061493083212","0.4786915776307217"
110,"Fine-tuned MarianMT","0.20525398861829403","0.5428586301761956","0.3733764689817"
162,"Google Translate","0.2695725703471157","0.5384489914437294","0.38514725509823233"
111,"Google Translate","0.21782723522769262","0.5565304876913876","0.38851318907694504"
138,"Fine-tuned MarianMT","0.38532266735969206","0.5880122891453641","0.46982296911234267"
112,"Marefa","0.1482934656477148","0.5140410745797612","0.3242828733581885"
113,"MarianMT","0.10670698805661652","0.2859751425589828","0.18847900047705515"
139,"Google Translate","0.4917294587695741","0.6756210256127002","0.5514343694305412"
114,"Fine-tuned MarianMT","0.12165111074903563","0.27698024867859167","0.17660184432830303"
163,"Marefa","0.1982404177713108","0.4517314643451182","0.3150127789519306"
115,"Google Translate","0.14816853342509634","0.29207114177686233","0.18757496832193132"
140,"Marefa","0.43590809236965256","0.6030890479782567","0.48824887236896525"
116,"Marefa","0.05073797380777196","0.21401896753099955","0.125563470933885"
117,"MarianMT","0.23619667839370181","0.3196594545913056","0.24955837627378766"
118,"Fine-tuned MarianMT","0.12403231833561028","0.2038958644456711","0.1499929525072946"
144,"MarianMT","0.18983218666810844","0.47387066554626694","0.3482820946060152"
119,"Google Translate","0.2210575491375413","0.3854256532687612","0.2836895895147263"
178,"Fine-tuned MarianMT","0.06347277006372846","0.23280126601710233","0.16177757519663435"
120,"Marefa","0.1285760668789994","0.3092064925357684","0.217226859880201"
145,"Fine-tuned MarianMT","0.1883514417476397","0.545388802021197","0.37486875434269673"
121,"MarianMT","0.1576644211658064","0.39968620470595856","0.26485777621319145"
165,"MarianMT","0.2099585014500748","0.41751811996747934","0.30842711714071264"
122,"Fine-tuned MarianMT","0.1807090894044787","0.40293844162016296","0.27026899447475866"
146,"Google Translate","0.2636013044550382","0.4717270000126095","0.37014312567330127"
123,"Google Translate","0.1315820716846958","0.3575209732087353","0.22379585855287923"
206,"Marefa","0.07822252501133443","0.20549536405568547","0.13775916937243418"
124,"Marefa","0.11392548136520235","0.27331488650944613","0.17989272346084567"
188,"Marefa","0.14604461790124698","0.2947962920743252","0.20240519061577356"
147,"Marefa","0.19984086716274616","0.5702861146882928","0.4172992810487145"
125,"MarianMT","0.3612885714563707","0.5928170470070172","0.44067009853820643"
166,"Fine-tuned MarianMT","0.3264257394368516","0.5755293220823824","0.43711759057572386"
126,"Fine-tuned MarianMT","0.3599632889968815","0.5871173463810759","0.43711889536147175"
148,"MarianMT","0.16738070619551648","0.3307923217716478","0.2090586463116007"
127,"Google Translate","0.27872082591730873","0.4770895045989424","0.339035773761803"
179,"Google Translate","0.09471937423661836","0.30432372739904284","0.2094203060875369"
128,"Marefa","0.2487160553181965","0.4840792163140769","0.3265965800600525"
149,"Fine-tuned MarianMT","0.05643448729893624","0.3235060225557246","0.17906504794134348"
129,"MarianMT","0.2513542751661031","0.4278680915359466","0.304533440151977"
167,"Google Translate","0.4158149003045524","0.5172693980959262","0.4084652122148862"
130,"Fine-tuned MarianMT","0.23266632769050705","0.4148314167441788","0.2945073193884028"
150,"Google Translate","0.1562151730091193","0.414677864111747","0.2546581581177318"
131,"Google Translate","0.3313832959945474","0.45877761892045354","0.35236228521711205"
132,"Marefa","0.30553790267835573","0.4124609005777245","0.3055188949462178"
200,"Google Translate","0.32753069256576905","0.4959582545790375","0.3682490154217755"
151,"Marefa","0.12779467690282148","0.3501817741050568","0.22009986936053183"
133,"MarianMT","0.31902870653894627","0.4609057252847884","0.3489356422724838"
168,"Marefa","0.3777654425942763","0.5041571664223906","0.3733957706197177"
134,"Fine-tuned MarianMT","0.3534918897069077","0.4647226001604064","0.3642911311602853"
152,"MarianMT","0.054517717463183804","0.393668917143173","0.2485320148003053"
135,"Google Translate","0.34223409200936644","0.5056729983484035","0.3815656796320998"
180,"Marefa","0.0412532700716841","0.18114411074575004","0.11938527080757944"
136,"Marefa","0.26520100420941795","0.46955592660564144","0.3359732270455984"
153,"Fine-tuned MarianMT","0.05826091860507053","0.3780076644452371","0.24335383210400735"
169,"MarianMT","0.24247653133935637","0.4587810980158237","0.32542452818230494"
154,"Google Translate","0.07173308175528016","0.4260583517322367","0.28205505139430836"
195,"Google Translate","0.18010551309736733","0.40382464966306986","0.26726909263484544"
189,"MarianMT","0.1364547570634354","0.44006885359101555","0.28540970000702603"
155,"Marefa","0.04383352923339252","0.3276162088514153","0.1969027450508633"
170,"Fine-tuned MarianMT","0.18638704431346254","0.27313118000272946","0.18591844891988027"
156,"MarianMT","0.1350784391097457","0.3471311649974419","0.22869392225870375"
181,"MarianMT","0.22035444687983977","0.4621087318659819","0.31667542141083693"
157,"Fine-tuned MarianMT","0.13116701605388686","0.30855641310121046","0.21640311752079933"
171,"Google Translate","0.28868157894563234","0.4916145574327208","0.3622350525813795"
158,"Google Translate","0.15792003988793724","0.30458995748740647","0.21801973303625102"
159,"Marefa","0.09425989679058465","0.2213790361982964","0.15112380626956562"
172,"Marefa","0.32504658872819353","0.5135280972723808","0.3751745964617825"
160,"MarianMT","0.22417291989478172","0.5161466060400494","0.3598928734300145"
182,"Fine-tuned MarianMT","0.1974816726393227","0.4427534623151065","0.30200194189368507"
161,"Fine-tuned MarianMT","0.13542161421369292","0.464119683462482","0.3103486539287835"
173,"MarianMT","6.216405262821999e-103","0.21996606822199524","0.1270160291012413"
190,"Fine-tuned MarianMT","0.09499327513057298","0.39810970212389063","0.2520395547599266"
183,"Google Translate","0.2141668374051277","0.4611089882323909","0.31092113651731773"
174,"Fine-tuned MarianMT","7.36910155657291e-103","0.2649753572166829","0.15546018200347328"
175,"Google Translate","0.104148554984078","0.27267416943975586","0.17120680339362102"
203,"Fine-tuned MarianMT","0.12284259198075939","0.30517944855126306","0.2131349180999337"
184,"Marefa","0.16106299103779093","0.3495946371319317","0.23989155870536605"
176,"Marefa","7.112711590120196e-103","0.1919706975809301","0.11492439875972384"
196,"Marefa","0.13714752606141986","0.3210466260206414","0.20972749500989737"
177,"MarianMT","0.062461255407836494","0.2129776226861093","0.15142807363292016"
191,"Google Translate","0.17950356953308938","0.49022405652685425","0.327070367203971"
185,"MarianMT","0.18850741815206035","0.522536977200528","0.3645398126495689"
186,"Fine-tuned MarianMT","0.1194537705982349","0.41135585259822016","0.2749630543873421"
192,"Marefa","0.10688885583740776","0.4148850515298089","0.2588605419262208"
187,"Google Translate","0.17342345305616053","0.4754230611372064","0.3331626696798229"
201,"Marefa","0.2195823473713779","0.44443209482347423","0.3122114293912599"
193,"MarianMT","0.10915791424923735","0.3226901399758034","0.20736107886040542"
198,"MarianMT","0.2621992547678973","0.48723510142545823","0.34245508955830545"
194,"Fine-tuned MarianMT","0.16350526508003616","0.33417570029343546","0.22926316776541739"
199,"Fine-tuned MarianMT","0.24302769967033291","0.4658715854942756","0.325581172495696"
205,"Google Translate","0.1841051617975109","0.3161938322087516","0.22143061091903662"
204,"Fine-tuned MarianMT","0.12284259198075939","0.30517944855126306","0.2131349180999365"
202,"MarianMT","0.14826444633601896","0.30970423796899305","0.20767198473127288"
207,"MarianMT","0.2009347187856215","0.4490255448870736","0.3024962383156153"
208,"Fine-tuned MarianMT","0.09458617807535896","0.3661689508949466","0.22713841184433378"
209,"Fine-tuned MarianMT","0.09458617807535896","0.3661689508949466","0.22713841184433398"
210,"Google Translate","0.10060224018680894","0.3623413933455022","0.21882075800970777"
211,"Marefa","0.13254931302306341","0.386129707245533","0.25301641111491757"
212,"MarianMT","0.060118091917484025","0.2355245065760389","0.14658755710311155"
213,"Fine-tuned MarianMT","6.991695958819531e-103","0.25929127211589376","0.15649290125115892"
214,"Google Translate","0.059432080696631064","0.20133191156417735","0.1217377608445159"
215,"Marefa","0.06997996803063669","0.2522961422041656","0.1590897625126841"
216,"MarianMT","0.2769660246932884","0.47996159776531117","0.3310688233885111"
217,"Fine-tuned MarianMT","0.16224509666365633","0.31006234916450465","0.20650520781088963"
218,"Google Translate","0.34146114193643207","0.46051291957786894","0.3346887179645286"
219,"Marefa","0.1693118867961226","0.4095845087978014","0.2588365443821053"
220,"MarianMT","0.15215062221439782","0.3527289967263175","0.23048679476514983"
272,"Google Translate","0.1422626713087853","0.38332330407115744","0.23043751567848822"
251,"Google Translate","0.2301271559193434","0.388805192501756","0.27426559104062603"
221,"Fine-tuned MarianMT","0.15202778468270112","0.3737765938196738","0.23236446028524402"
222,"Google Translate","0.17770529370321908","0.3710401129986176","0.24244289940754557"
286,"MarianMT","0.14031293724618438","0.48057066019355554","0.3167017603693489"
252,"Marefa","0.20505397625021385","0.3556434549836584","0.2455562657178251"
223,"Marefa","0.22181697464097916","0.2925242383622814","0.19856425440217798"
224,"MarianMT","0.15314796495848468","0.3834606186593158","0.24617626564840092"
273,"Marefa","0.15084693992880785","0.3844300941788666","0.23525701371941476"
225,"Fine-tuned MarianMT","0.12953323152795407","0.31286945342913475","0.20960099030828866"
254,"MarianMT","0.3730862113702727","0.6675819974587408","0.48202773280526584"
226,"Google Translate","0.11511193218359382","0.4035784072782733","0.2596276584088282"
302,"MarianMT","0.2539075562099626","0.5259227292061764","0.3420610465916847"
227,"Marefa","0.14590565447720433","0.2965801461369073","0.22151997546811739"
255,"Fine-tuned MarianMT","0.27864126596377864","0.6135922163942717","0.4139614576091541"
228,"MarianMT","0.351110681038588","0.5848581250861072","0.424287654725225"
274,"MarianMT","0.2770533799999343","0.570583611344846","0.39863032139546156"
229,"Fine-tuned MarianMT","0.266535018785157","0.5429758703395168","0.38295050037060363"
256,"Google Translate","0.39693154659496077","0.6335779660414205","0.4721448379129568"
230,"Google Translate","0.2804287638427316","0.5551819098013676","0.39089647386382753"
287,"Fine-tuned MarianMT","0.09904434799850827","0.41829367348450014","0.27934867395030044"
231,"Marefa","0.2875179973956121","0.542442390946507","0.3728042519341613"
257,"Marefa","0.2728838474647624","0.6357966902806864","0.4358797526752261"
232,"MarianMT","0.3534489074860273","0.560594554300294","0.43124790490711523"
275,"Fine-tuned MarianMT","0.33791960426007195","0.619157084158256","0.46157323017922813"
233,"Fine-tuned MarianMT","0.2768627606285364","0.4991229072294141","0.37431573291174774"
258,"MarianMT","0.060148230158630814","0.1986892508986613","0.12836668761678618"
234,"Google Translate","0.36777770159400497","0.5123692146529005","0.41556319684954673"
296,"Google Translate","0.11331084931417273","0.23623581398178337","0.14883022113111197"
235,"Marefa","0.30066642046890824","0.5376713859345461","0.40727573674831674"
259,"Fine-tuned MarianMT","0.2658749986967611","0.3900741913568022","0.28075383580245905"
237,"MarianMT","0.40259228263384006","0.7079067494174699","0.5377799273836515"
276,"Google Translate","0.2975374745223244","0.6553969167734351","0.46089017628992984"
238,"Fine-tuned MarianMT","0.26222206453124053","0.6299953448113084","0.4512026450551403"
260,"Google Translate","0.19428085256566788","0.33873079917074644","0.22075205459618957"
239,"Google Translate","0.41792578014186227","0.6842156481100088","0.5217859720658246"
288,"Google Translate","0.10993914893710555","0.3772704179047036","0.25684269310859803"
240,"Marefa","0.3470603661943326","0.6627181219805225","0.4853164656228596"
261,"Marefa","0.18018017430099278","0.34169105278671563","0.22282253700890425"
241,"MarianMT","0.27301049209958167","0.6222367009112889","0.43178418934297597"
277,"Marefa","0.23612096140080752","0.44854548175047115","0.3206396552044035"
242,"Fine-tuned MarianMT","0.27728053698837446","0.613104277997474","0.4339317931115619"
262,"MarianMT","8.769781381717682e-103","0.318715291738487","0.19066276139509217"
243,"Google Translate","0.316137307829232","0.6016161399632948","0.4383182940460814"
244,"Marefa","0.2869883960393952","0.5381586749354658","0.38422590282819735"
263,"Fine-tuned MarianMT","0.09593060614183002","0.38067256983911674","0.23177033140817063"
245,"MarianMT","0.12446729148552328","0.49993276523107716","0.3289828369912157"
315,"Fine-tuned MarianMT","0.23621292021912577","0.5459696916127488","0.3705346186560024"
278,"MarianMT","0.24987719298087416","0.6253974734058663","0.4346896983603055"
246,"Fine-tuned MarianMT","0.11306296230345664","0.5182058885415127","0.3324778967087827"
264,"Google Translate","7.687782671203013e-103","0.28460824627849673","0.16506614537189265"
247,"Google Translate","0.1514429957773708","0.5353359829084974","0.3613643053305345"
289,"Marefa","0.10263831771820855","0.34163019526714383","0.2302549421050501"
248,"Marefa","0.07295943123749682","0.34016598793563735","0.21403605128285252"
265,"Marefa","0.07452907195414431","0.3119111714258023","0.17899037345694913"
249,"MarianMT","0.23116027670795983","0.3638243927040244","0.27028159944058155"
279,"Fine-tuned MarianMT","0.3266155945257086","0.6294377557230957","0.44723375628826567"
250,"Fine-tuned MarianMT","0.13098396804100482","0.33843801538838697","0.20320693559070094"
266,"MarianMT","0.2127544854605482","0.4281216989020913","0.28669895330138134"
297,"Marefa","0.1167745664250643","0.2894889422948462","0.17771061623152587"
267,"Fine-tuned MarianMT","0.20046823449288703","0.4366238173933583","0.2909372501979376"
280,"Google Translate","0.39228987698972556","0.6787597564836193","0.5075462641167383"
268,"Google Translate","0.20847213461089217","0.435637083000357","0.29349511809720674"
290,"MarianMT","0.05764345415347795","0.12817882227949032","0.07852865687576126"
269,"Marefa","0.19234870589346686","0.3205082229384816","0.22515433666987927"
281,"Marefa","0.2791925441119141","0.531920339055093","0.38909897078834654"
270,"MarianMT","0.12783912302093167","0.40906432649677676","0.2475047054095113"
303,"Fine-tuned MarianMT","0.24099858057540618","0.4766008162148336","0.3146054321620066"
271,"Fine-tuned MarianMT","0.09706092170191342","0.3880669354425416","0.2252674616669545"
291,"Fine-tuned MarianMT","6.057057376309933e-103","0.15096335153169171","0.08843633918536557"
282,"MarianMT","0.29862248341820485","0.5261660193792707","0.3742004445108772"
298,"MarianMT","0.48110027226454877","0.7669854548038189","0.6005732414839221"
283,"Fine-tuned MarianMT","0.30144356116472154","0.5560998399123342","0.3917974617897449"
292,"Google Translate","0.09593060614183006","0.1607334088628416","0.10598704902826288"
284,"Google Translate","0.4752384317175034","0.6774005475668438","0.5346623603323383"
307,"Fine-tuned MarianMT","0.10956799351870757","0.4464479869012701","0.2945391500873871"
285,"Marefa","0.31121607271885204","0.532482139888052","0.3876793368572474"
299,"Fine-tuned MarianMT","0.35699383731911905","0.598549040711762","0.445616293959717"
293,"Marefa","0.10117417799080133","0.176024574736513","0.11018769573489046"
304,"Google Translate","0.26036048973596093","0.5046266607554306","0.33479072193718"
294,"MarianMT","0.04894505592973575","0.24117436505929368","0.13885389320455085"
300,"Google Translate","0.5348319322787427","0.7609527721768539","0.6158477251319896"
295,"Fine-tuned MarianMT","0.04881752908051922","0.2621287453095164","0.15425172543050966"
313,"Marefa","0.1720339637232994","0.37826942272300645","0.2408983918090581"
310,"MarianMT","0.18252849564002058","0.3693849078544107","0.24352257331093521"
301,"Marefa","0.3334728320811142","0.45246243887622356","0.3489415798750211"
305,"Marefa","0.22764630224232188","0.490917539779746","0.3243099000723015"
308,"Google Translate","0.1824240190231796","0.5488272472471927","0.378360182858403"
306,"MarianMT","0.12086107508638952","0.4559624427604136","0.3053192811845882"
312,"Google Translate","0.20623829483768685","0.4517900408803777","0.29555913367163966"
309,"Marefa","0.09236146867073822","0.4596431484063277","0.29126258558809254"
311,"Fine-tuned MarianMT","0.15005151800302155","0.33142601523772813","0.22400598556678133"
314,"MarianMT","0.32479338337501856","0.5911197771111504","0.40757880962706183"
316,"Google Translate","0.2744688850296071","0.6039559978940472","0.4063343841921445"
317,"Marefa","0.23406857579267246","0.48892071021398825","0.3252133153683445"
318,"MarianMT","0.20205493850852477","0.4665418476332171","0.32507800158715994"
319,"Fine-tuned MarianMT","0.27752037738148727","0.5368826414986845","0.366065688437748"
320,"Google Translate","0.2959556654520496","0.4825684887150497","0.35545091262160877"
321,"Marefa","0.3662174324964915","0.5438841172082579","0.4139342990401248"
322,"MarianMT","0.245525505052637","0.5130854431126145","0.35790282364699283"
323,"Fine-tuned MarianMT","0.20018344309634714","0.472575877261305","0.31622376362310567"
324,"Google Translate","0.19943827083535393","0.4747806122601931","0.3202889884192325"
325,"Marefa","0.20140652624693794","0.4716287048069235","0.32241801745675985"
326,"MarianMT","0.336702413042559","0.6050096991370439","0.43220082020622713"
378,"Marefa","0.07921460720609476","0.35625415404850524","0.21182155345326456"
327,"Fine-tuned MarianMT","0.27209347299629694","0.4971938609108213","0.3362425914977764"
358,"Marefa","0.2876196448894451","0.5039838892183974","0.35670298888497326"
328,"Google Translate","0.37139076186554665","0.5901760036499694","0.44422735196793117"
392,"Fine-tuned MarianMT","0.16950739251292593","0.5270514738697492","0.34953468393043835"
329,"Marefa","0.2732307930829763","0.3300331752010107","0.24872952901724624"
359,"MarianMT","0.07772569712669956","0.3307415449255974","0.20243348006191317"
330,"MarianMT","0.3913381951342136","0.6689609050245711","0.5032855073794079"
379,"MarianMT","0.14914279339461373","0.43479863625159465","0.2985993472890058"
331,"Fine-tuned MarianMT","0.37394337537443606","0.6519770033956349","0.4885711112522852"
360,"Fine-tuned MarianMT","0.06361089885317889","0.3323151317149051","0.20228196149804342"
332,"Google Translate","0.381956572612658","0.692641055725258","0.5333822326276529"
333,"Marefa","0.2957189372185796","0.5721621388734568","0.42453080527634435"
413,"Marefa","0.31388092656263017","0.5942239305231591","0.4084446208369245"
361,"Google Translate","0.10638866124562252","0.37495959434096215","0.23352379197265757"
334,"MarianMT","0.1711389700153424","0.39323397156420087","0.2479724826566769"
380,"Fine-tuned MarianMT","0.15305798858534014","0.43997452133424897","0.30518120674272864"
336,"Fine-tuned MarianMT","0.07668916523765953","0.24569385737740032","0.13408467911384422"
362,"Marefa","0.07158510291709323","0.3461240438212573","0.20752026015878486"
337,"Google Translate","0.1713005283552713","0.36167959137701045","0.23867141790088486"
393,"Google Translate","0.17035220490248587","0.5264365858550328","0.3489700322931581"
338,"Marefa","0.09573876042147372","0.2541785635597313","0.15011315052774338"
363,"MarianMT","0.2621939034298823","0.5380535532256592","0.35936752655769005"
339,"MarianMT","0.3111596938702469","0.5137026810162817","0.378287614763123"
381,"Google Translate","0.15958446798159817","0.41879562995548153","0.3037233650983142"
340,"Fine-tuned MarianMT","0.27672135512930063","0.4817957390601232","0.3513128122373878"
364,"Fine-tuned MarianMT","0.23734956024867995","0.5039688954912206","0.34044167857084534"
341,"Google Translate","0.3484825253907093","0.6203840816902945","0.47125621815827545"
402,"Marefa","0.23581810493944458","0.41935667171856467","0.28324070840906374"
342,"Marefa","0.2712743457596201","0.4947122432239756","0.35633045884535886"
365,"Google Translate","0.2932435019131858","0.505838155045167","0.36003359977375454"
343,"MarianMT","0.47783547267614196","0.6223084065047142","0.4953772809681991"
382,"Marefa","0.11427993750750132","0.4084802009680395","0.2802164365523536"
344,"Fine-tuned MarianMT","0.4462600833415229","0.543928211200864","0.4161123600956188"
366,"Marefa","0.22884417416385286","0.3895138281641313","0.27760523208719606"
345,"Google Translate","0.4604275802485726","0.5893043007776347","0.46391536729621935"
394,"Marefa","0.16496182943196083","0.49780859105856057","0.32069059685598467"
346,"Marefa","0.4317727759949192","0.5514841269186629","0.4206913428297221"
367,"MarianMT","0.22858038736331776","0.6027521059512313","0.40645834359578703"
347,"MarianMT","0.28622341913532795","0.4797452155538827","0.34609721414767475"
383,"MarianMT","0.3577451569473347","0.6489956607497334","0.48432385209145157"
348,"Fine-tuned MarianMT","0.2647609120066133","0.465329421676662","0.33024912904617115"
368,"Fine-tuned MarianMT","0.17480017780590912","0.5730630913983121","0.37112489477694705"
349,"Google Translate","0.3595916460936665","0.5205873493506269","0.4028269118688709"
350,"Marefa","0.3251245401548027","0.47179604830350363","0.34420032447737653"
409,"Google Translate","0.20851430547691707","0.3038962287746987","0.22188825779182264"
369,"Google Translate","0.21072366158716296","0.6329716421509567","0.4366465711238621"
351,"MarianMT","0.2528843100536987","0.5287669717614114","0.37943102806809115"
384,"Fine-tuned MarianMT","0.2782017015625712","0.5862643693389652","0.4264927987053496"
352,"Fine-tuned MarianMT","0.239422987136647","0.5310468505264302","0.3765928152165119"
370,"Marefa","0.1645485215147412","0.5983414594979274","0.3784036612289722"
353,"Google Translate","0.211679623723946","0.42575559721221684","0.3096552306446393"
395,"MarianMT","0.31188191335532084","0.48663142955989747","0.36056862911192383"
354,"Marefa","0.21243224321265716","0.3683076163341814","0.24823151886378625"
371,"MarianMT","0.20791129246218476","0.3719563915278812","0.25845123634099504"
355,"MarianMT","0.36056123288670944","0.5675605311864934","0.3947378958873863"
385,"Google Translate","0.4499243675993344","0.7240729688554726","0.5550084118913922"
356,"Fine-tuned MarianMT","0.3388925103444912","0.545791557929736","0.38819093874654026"
372,"Fine-tuned MarianMT","0.2033778375706064","0.3182288594931721","0.22245094463405105"
357,"Google Translate","0.3288378325061041","0.528104301046201","0.3787855360916058"
403,"MarianMT","0.2791723470056053","0.5473899769925104","0.3931990315403115"
373,"Google Translate","0.27279860986658905","0.40629692016662633","0.3005931527938561"
386,"Marefa","0.3326876972009355","0.6373643620522784","0.4708971398457109"
374,"Marefa","0.2380205858625852","0.3380081787651191","0.2419221814722385"
396,"Fine-tuned MarianMT","0.18811463384467808","0.38892538568046897","0.2629213515907352"
375,"MarianMT","0.10541943957376582","0.3537002084818624","0.22650794342760655"
387,"MarianMT","0.35652982483604645","0.7254418038319425","0.5356551446385084"
376,"Fine-tuned MarianMT","0.0958993275634993","0.3546182947447309","0.23227571477132863"
416,"Google Translate","0.14780680364924295","0.38075744958887764","0.24723605442350477"
377,"Google Translate","0.10126491796966729","0.3867413595605744","0.24985845921577166"
388,"Fine-tuned MarianMT","0.2737317634307965","0.6378695558082155","0.45113372083030884"
397,"Google Translate","0.28554204687656026","0.5019396567218676","0.3562883347394819"
404,"Fine-tuned MarianMT","0.40959470437345813","0.6563988799736034","0.502855839492164"
389,"Google Translate","0.384651152466074","0.7319409193808953","0.5427992438726966"
398,"Marefa","0.26021423946271105","0.4531900516462427","0.32665374429654304"
390,"Marefa","0.19491969006275625","0.583083089985928","0.3879875261160914"
391,"MarianMT","0.2616287036793218","0.5606197423826562","0.39673423956801396"
410,"Marefa","0.15085724567846784","0.18117065443199995","0.1428216293447671"
405,"Google Translate","0.4028123453334689","0.6565599061567626","0.48764081603856524"
399,"MarianMT","0.2886281819955474","0.49477330931565416","0.3425549950618407"
400,"Fine-tuned MarianMT","0.29201580241180175","0.483390227407807","0.34619098083343824"
414,"MarianMT","0.18358003797879757","0.47576266227656155","0.30697652328547526"
406,"Marefa","0.3695999728898625","0.6011836355751254","0.4525368006322313"
401,"Google Translate","0.45543340555966416","0.5639297409744991","0.42993771060079905"
411,"MarianMT","0.32564597135369505","0.5481533843982846","0.3981475927552796"
407,"MarianMT","0.12226162878383881","0.22829699806409337","0.1686400747157379"
408,"Fine-tuned MarianMT","0.22927971801202818","0.3111194163013367","0.22457937321750937"
412,"Google Translate","0.29700852069513745","0.5331023720402801","0.3724308803866744"
415,"Fine-tuned MarianMT","0.20422801273214788","0.4937010954986287","0.3211428724129313"
417,"Marefa","0.1507852994656157","0.3881686458814209","0.2453698870486745"
421,"Marefa","0.2102823145740955","0.3788791917915588","0.2769688747823008"
419,"Fine-tuned MarianMT","0.25835203304125304","0.6113954785378584","0.42961944383099576"
418,"MarianMT","0.08557153906802722","0.482989664644623","0.311712755147948"
420,"Google Translate","0.2957688354202875","0.605253309727059","0.4439952878022472"
422,"MarianMT","0.2028512212627778","0.4554219020935734","0.3139950926178617"
423,"Fine-tuned MarianMT","0.21680029423417646","0.44382478348331633","0.31095244912443976"
424,"Google Translate","0.19021727431309138","0.47797886015384783","0.3178780954180419"
425,"Marefa","0.20074108074024846","0.47031389048617395","0.32228449682396787"
426,"MarianMT","0.2200009595799511","0.5216248109777577","0.3633183026582383"
427,"Fine-tuned MarianMT","0.22613854423130494","0.5393354019842787","0.3851953514133679"
428,"Google Translate","0.263547698976232","0.49798744789196575","0.3568766817940108"
429,"Marefa","0.19619100774957274","0.4768914529839548","0.34044727032721034"
430,"MarianMT","0.435733763979363","0.6800483247735432","0.5144084681969863"
431,"Fine-tuned MarianMT","0.48776603967067006","0.723872991684741","0.5769422888632466"
432,"Google Translate","0.508693320376521","0.7229963575889655","0.5761163462021311"
497,"Marefa","0.2342751062368206","0.4006632708339075","0.28525567363812815"
463,"Fine-tuned MarianMT","0.18858562394086034","0.5492493583464226","0.39053070215925617"
433,"Marefa","0.42939000623420503","0.6323386284733046","0.4762379050311431"
483,"Fine-tuned MarianMT","0.1727624316072065","0.47395226280656544","0.3017260914935146"
434,"MarianMT","0.37778500518345554","0.7527247473378278","0.5794962186085061"
435,"Fine-tuned MarianMT","0.32353282220410506","0.7136998168580976","0.527058453449495"
513,"Marefa","0.08308788908922154","0.30147175781634405","0.19732198333200546"
464,"Google Translate","0.21743057538672209","0.5487612470820764","0.382781154384807"
436,"Google Translate","0.43713957634330913","0.7579419325036896","0.5817335249745932"
484,"Google Translate","0.17274327232586653","0.48084839455958306","0.29811175721893857"
437,"Marefa","0.32995484704107236","0.6264778938729514","0.46677274602359103"
465,"Marefa","0.17629583725864106","0.5260421035899271","0.3499573992634473"
438,"MarianMT","0.23630313144721465","0.5294541391388863","0.35145410223617496"
507,"Fine-tuned MarianMT","0.147665380322631","0.3307497479898474","0.22619752414785443"
439,"Fine-tuned MarianMT","0.2612588036102571","0.5466619131562679","0.37263566373474094"
498,"MarianMT","0.24012273864690958","0.48794399188374343","0.3322942445730435"
466,"MarianMT","0.42863239657448027","0.49813993798443973","0.38830985496475673"
440,"Google Translate","0.27413443276129257","0.6045364715224651","0.4063006810287661"
485,"Marefa","0.2212374656069009","0.3996512530404907","0.25956527155794223"
441,"Marefa","0.24162126340713477","0.4751523111005176","0.32270894392877575"
467,"Fine-tuned MarianMT","0.36594776720022126","0.49335925164993255","0.36213832486816655"
442,"MarianMT","0.18230107340800467","0.4613555477476854","0.30147913422915606"
443,"Fine-tuned MarianMT","0.18037997256514138","0.4548253766148324","0.2901097738105767"
468,"Google Translate","0.5430053055724126","0.6518623649307158","0.5322042946211311"
444,"Google Translate","0.266785822453769","0.47791976041482265","0.33224677427543514"
486,"MarianMT","0.2458913020853562","0.5769607364438368","0.38764457052841383"
445,"Marefa","0.20909479736426248","0.4259477387890569","0.2894393114886277"
469,"Marefa","0.219931831158683","0.349494214369473","0.24376568188326359"
446,"MarianMT","0.2827097531323097","0.46083228537844145","0.33075948407785133"
447,"Fine-tuned MarianMT","0.24199991212711822","0.4447379942622799","0.3152198409004408"
499,"Fine-tuned MarianMT","0.23423397100641952","0.45293674456663646","0.29762256205312254"
470,"MarianMT","0.22319700019896732","0.5442138490670262","0.3568079572108288"
448,"Google Translate","0.2511964803537608","0.4257037778624384","0.3066865097707425"
487,"Fine-tuned MarianMT","0.2445357104982819","0.5529210728253359","0.37971872802519047"
449,"Marefa","0.1722379981387499","0.4078179764941877","0.2794183085317711"
471,"Fine-tuned MarianMT","0.1712493371636856","0.5481601878575348","0.3454733043876348"
450,"MarianMT","0.33087834848661485","0.47172640845748154","0.33889998647164044"
451,"Fine-tuned MarianMT","0.18265848099874385","0.36356152827053007","0.23764478453900623"
518,"MarianMT","0.1631879158526648","0.34178408061046844","0.2249587398613813"
472,"Google Translate","0.20679878359016887","0.6298194586804986","0.4007150441162843"
452,"Google Translate","0.2485346482379597","0.3977550265605761","0.28145005959778485"
488,"Google Translate","0.3107730868309898","0.6620553253798094","0.4752386677603474"
453,"Marefa","3.883209038502834e-204","0.02883516178294591","0.017100721632038574"
473,"Marefa","0.16182584821874757","0.5150191084235788","0.32655457582047265"
454,"MarianMT","0.3593040685164624","0.5224389911634034","0.3894484630203815"
508,"Google Translate","0.13720680041538622","0.3275194404724854","0.2116439946626402"
455,"Fine-tuned MarianMT","0.3253856588103628","0.5218987369773257","0.40246425517948553"
500,"Google Translate","0.26741569913683344","0.47957450250325045","0.3166281875476294"
474,"MarianMT","0.425383039249307","0.5765093531925906","0.4556586535130461"
456,"Google Translate","0.39119800273911565","0.554843766513109","0.41995441386495597"
489,"Marefa","0.27934761784740003","0.5758357389693916","0.4048323747819091"
457,"Marefa","0.4037056915843571","0.5543680092228133","0.4177949873582993"
475,"Fine-tuned MarianMT","0.3668198103727386","0.536273884218508","0.4074047132579194"
458,"MarianMT","0.18998413961309973","0.6243390418299348","0.4539321504738901"
459,"Fine-tuned MarianMT","0.1072983667676236","0.4164335534385371","0.2768123005743265"
476,"Google Translate","0.38909348383944065","0.6467610129944111","0.47959785135884114"
460,"Google Translate","0.24715036702263438","0.6358206787458401","0.4430202776990373"
490,"MarianMT","0.47774977350712056","0.7091044426289427","0.5459043676889627"
461,"Marefa","0.06635125532642096","0.15560171059598074","0.1031100017419568"
477,"Marefa","0.33101689315718097","0.5650750777487454","0.40163629243417703"
462,"MarianMT","0.21459789827847547","0.5612503137318194","0.39855647043232567"
501,"Marefa","2.795346126806387e-103","0.03584136755285198","0.023687342812994262"
491,"Fine-tuned MarianMT","0.32487911991541574","0.6311500898529223","0.46366424599191225"
478,"MarianMT","0.08034469886167242","0.2919181707717014","0.17818907054789618"
479,"Fine-tuned MarianMT","0.042418658060050705","0.20311810130853605","0.12173559898886217"
514,"MarianMT","0.12639517478218795","0.3327319173982968","0.20548145113411792"
492,"Google Translate","0.4701838677702716","0.7048230279149459","0.5462188537315946"
480,"Google Translate","0.05967048947245047","0.32452604335345414","0.19434322039769966"
509,"Marefa","0.1401637195184151","0.2856648606591786","0.18994880767382924"
481,"Marefa","0.04288014745600052","0.17110393296716025","0.10230271264888428"
502,"MarianMT","0.3352119825962984","0.5839895153395112","0.4054605805486222"
493,"Marefa","0.3548936441745979","0.5190010169811791","0.3806408090350695"
482,"MarianMT","0.17794765525085274","0.46793418512598944","0.29901420840503634"
494,"MarianMT","0.26802348384262187","0.36574854164866794","0.2768822436398306"
503,"Fine-tuned MarianMT","0.2764408202545045","0.5430576784488568","0.37599908637560353"
495,"Fine-tuned MarianMT","0.1270975260223503","0.2553896609207377","0.1803043958538936"
510,"MarianMT","0.1283454295115254","0.38965205524531854","0.25120913983483456"
496,"Google Translate","0.3240455159116513","0.35565786744791356","0.2789531175730294"
504,"Google Translate","0.3391662196029667","0.5935602207111257","0.4240461602102356"
525,"Marefa","0.1384625078772194","0.42383548346028704","0.27784065224819954"
515,"Fine-tuned MarianMT","0.12426506881491169","0.35342260174585954","0.21597271564597262"
505,"Marefa","0.22338130063785835","0.29682200577452994","0.2175491379944362"
511,"Fine-tuned MarianMT","0.05614715948880358","0.3312784318781908","0.20427993844871295"
506,"MarianMT","0.0825430620439151","0.25822191200232697","0.16452532080065788"
519,"Fine-tuned MarianMT","0.18053854503894667","0.3390741467144417","0.2204624799337304"
516,"Google Translate","0.13627015457830127","0.35670171498206926","0.21829608630770125"
512,"Google Translate","0.11438613469371935","0.37925974426364367","0.23950408467149054"
522,"MarianMT","0.22511428100458253","0.5787360543026175","0.39430751855929463"
520,"Google Translate","0.23607880291830713","0.41426808216680366","0.2827650490653244"
517,"Marefa","0.11391688622087946","0.31136808984141673","0.18820760378669266"
524,"Google Translate","0.19474893605340576","0.4407360694514045","0.30419319324454114"
521,"Marefa","0.16872435894698926","0.2982126570444653","0.19007813701560605"
523,"Fine-tuned MarianMT","0.26924191581678825","0.5840015015801052","0.4106518894880383"
526,"MarianMT","0.09364907279329641","0.3435817043261037","0.24963660780276767"
528,"Marefa","0.15228217909802708","0.2281388059144491","0.15955142935743566"
527,"Google Translate","0.2719711143864104","0.40687394643931024","0.28561260788552584"
529,"MarianMT","0.1232744782050836","0.48783270386265715","0.3098243247559218"
530,"Fine-tuned MarianMT","0.20341270612281254","0.5664399086510236","0.359500020913492"
531,"Google Translate","0.17486201978918584","0.47408467383967123","0.3092991148727387"
532,"Marefa","0.15659988547132317","0.27735584239433453","0.19321179338100508"
533,"MarianMT","0.30832059550260243","0.43858798913254204","0.324442140339665"
534,"Fine-tuned MarianMT","0.39129974315969285","0.5150322675896968","0.3891404270042828"
535,"Google Translate","0.21972018790707734","0.3636936869291527","0.24764414600930404"
536,"Marefa","0.3197183434615684","0.4714552241169836","0.33878385150418994"
537,"MarianMT","0.1461949241007387","0.22440818513006933","0.14703589556509855"
538,"Fine-tuned MarianMT","0.1905608647107016","0.4104975548689504","0.28238725764463257"
588,"Marefa","0.2380427933827491","0.34263605461663593","0.2558797750354159"
568,"Marefa","0.2944222913527923","0.48864881239506036","0.3374026906740139"
539,"Google Translate","0.133154572231061","0.19597035346106667","0.14019212178951387"
540,"Marefa","0.1455228881128505","0.2528855234619133","0.17295373021607952"
569,"MarianMT","0.2878424462776836","0.35708730869530314","0.26558606539368773"
541,"MarianMT","0.13668297974413904","0.3703083440329985","0.22982476106685099"
624,"Marefa","0.0779466964854616","0.2511472289418777","0.15728457808180568"
542,"Fine-tuned MarianMT","0.13130240385982295","0.3824811166929588","0.24006454200553262"
589,"MarianMT","0.18413973269128225","0.35477345344127226","0.22925175663679875"
570,"Fine-tuned MarianMT","0.30595691466902386","0.36711557750958784","0.2858101347375535"
543,"Google Translate","0.1262016337065489","0.3028319412908129","0.1890551337186183"
544,"Marefa","0.12950068562191067","0.32354556152056635","0.1997913442372138"
603,"Google Translate","0.20178808348110489","0.46802908394388404","0.31001321904071194"
571,"Google Translate","0.2853511706665981","0.4742901980371231","0.3231328377600536"
545,"MarianMT","0.23545680203128594","0.37887096968669387","0.2704343143910636"
546,"Fine-tuned MarianMT","0.2672187854701129","0.39122127486081926","0.28210846939578926"
590,"Fine-tuned MarianMT","0.17250483714212053","0.4127221194955988","0.2643259345569828"
547,"Google Translate","0.1559285276882641","0.2553522895956187","0.18156538145674297"
572,"Marefa","0.2216779968741282","0.41368300576064027","0.27578038123689985"
548,"Marefa","0.22771267192195924","0.33591288152165766","0.23820954839381342"
613,"MarianMT","0.2064280604498168","0.34406414287140863","0.23112353466686936"
549,"MarianMT","0.08978879844107959","0.2689629370079957","0.16837404744518686"
573,"MarianMT","0.4942431957532582","0.6670225866114557","0.5248585703003313"
591,"Google Translate","0.14155082167719205","0.2651640940678354","0.17666440166349226"
550,"Fine-tuned MarianMT","0.07317626610540966","0.20379274239606252","0.12805716927830504"
574,"Fine-tuned MarianMT","0.3137659649024202","0.5708687528896281","0.4095160153371178"
551,"Google Translate","9.224644090852165e-103","0.24949267638895214","0.1454958456554955"
604,"Marefa","0.15820481765182787","0.3633085142457544","0.2421758177413237"
552,"Marefa","7.06691382982861e-103","0.17830631467084965","0.1120621356768537"
575,"Google Translate","0.5772122910124585","0.731841098127469","0.5960412314745351"
553,"MarianMT","0.21276941608027775","0.39923792402042263","0.2503677969999788"
592,"Marefa","0.1359511146983224","0.29373533165761884","0.19035798325411413"
554,"Fine-tuned MarianMT","0.13781572385181476","0.4592323222034676","0.2765945776781063"
576,"Marefa","0.34494943508057707","0.5393577100500612","0.38761987190956476"
555,"Google Translate","0.3744630841568757","0.534167008471198","0.3819134445871375"
556,"Marefa","0.12083920663124795","0.3212062515552825","0.20005476475134107"
620,"Marefa","0.12048669235839075","0.2690024192086122","0.1753229534179864"
577,"MarianMT","0.25198830604022737","0.5075541914789533","0.35070931742856276"
557,"MarianMT","0.336881772552465","0.5139384827205531","0.40986278656444913"
593,"MarianMT","0.2513121338874456","0.36537555054665777","0.2508716166354749"
558,"Fine-tuned MarianMT","0.16956948469148497","0.4779824299326256","0.3308199020761122"
578,"Fine-tuned MarianMT","0.22929208504881168","0.464741527478407","0.31492580720942837"
559,"Google Translate","0.24255417640772473","0.4266688669294286","0.32059427484869796"
605,"MarianMT","0.08405027419661841","0.31078041382648197","0.1923317086538572"
560,"Marefa","0.10047708916131684","0.22954506679942313","0.15782512189067222"
579,"Google Translate","0.2351776474494055","0.4174338450114919","0.2968588319860022"
561,"MarianMT","0.15533719924645564","0.31763709391367184","0.1935739227077289"
594,"Fine-tuned MarianMT","0.20233408732081273","0.3383794126169505","0.22155059918957234"
562,"Fine-tuned MarianMT","0.13955476489329008","0.30851116504330084","0.19471093714862805"
614,"Fine-tuned MarianMT","0.12846116369810792","0.28929554091714704","0.1805296440575819"
563,"Google Translate","0.12114012698609297","0.27648059208937986","0.1680645637367598"
580,"Marefa","0.1949350095411738","0.390118665060302","0.2643795602278682"
564,"Marefa","0.09563568543292439","0.23896851951570988","0.14861831786603266"
595,"Google Translate","0.20412348939397035","0.36807279923472125","0.24128816010570817"
565,"MarianMT","0.3129947217830754","0.5481226236045849","0.3994697652696033"
581,"MarianMT","0.18802545254550232","0.49161237747769215","0.3103150344908014"
566,"Fine-tuned MarianMT","0.2706203365188227","0.6042695719838566","0.42130831270188857"
606,"Fine-tuned MarianMT","0.13762151776985096","0.3049223329144301","0.19452109807193818"
567,"Google Translate","0.24385044631342695","0.5403779940447309","0.37289022461530635"
596,"Marefa","0.178399585442723","0.2480655690051674","0.17677622454722847"
582,"Fine-tuned MarianMT","0.12450942087543607","0.4453010702765843","0.2708801937087307"
583,"Google Translate","0.28283150585702427","0.5241758373336804","0.3445691358700196"
597,"MarianMT","0.2865908554732569","0.43523644131689604","0.31814829262312416"
584,"Marefa","0.2008400501064571","0.39983968837178946","0.2669675531478441"
607,"Google Translate","0.22511616615390098","0.4582912209777631","0.30687480616038715"
585,"MarianMT","0.27256817308551995","0.3360724940137522","0.2669642320510324"
598,"Fine-tuned MarianMT","0.19380618865691704","0.4505539296645971","0.2998822082013275"
586,"Fine-tuned MarianMT","0.19404366627630662","0.31802434853547545","0.23897266478133525"
615,"Google Translate","0.19506197186292856","0.3629922780838584","0.2252508810565995"
587,"Google Translate","0.3566630523812269","0.4371867717290619","0.35567032790611997"
608,"Marefa","0.053647234032700906","0.2939314991043605","0.17311035219751383"
599,"Google Translate","0.2493134854603986","0.48456692203645146","0.32254337804515953"
633,"MarianMT","0.1088760766331702","0.44474022018528586","0.2723418311292533"
600,"Marefa","0.09162601952314943","0.32340436847314474","0.20445863990077498"
621,"MarianMT","7.142847700161234e-103","0.20675811211259612","0.12055502256570279"
609,"MarianMT","0.4044581601973356","0.5412475286947496","0.42100670624750586"
601,"MarianMT","0.20287376627722434","0.45293202108097474","0.3031514691574655"
616,"Marefa","0.23196517521870885","0.3620429048060289","0.24307147917762256"
602,"Fine-tuned MarianMT","0.1487614045502536","0.4115397708480666","0.2611270718786222"
610,"Fine-tuned MarianMT","0.3422581758425713","0.4440211829009346","0.33933440858431757"
625,"MarianMT","0.08056742928765392","0.20770656311766084","0.13102588397095352"
611,"Google Translate","0.4925197566841685","0.5665819298880714","0.4420234927588913"
617,"MarianMT","0.11368051614309191","0.2315808663074122","0.15507009962536528"
612,"Marefa","0.220365964019972","0.4326483675088262","0.2897902648840083"
622,"Fine-tuned MarianMT","0.07554718827324174","0.2775728951627146","0.16825341338161076"
618,"Fine-tuned MarianMT","0.07040655209083216","0.27727777464177494","0.1714212343342641"
631,"Google Translate","5.72152301257964e-103","0.19783795336902466","0.11382020850657708"
619,"Google Translate","0.09219743761858648","0.2782935360138709","0.1798283076129587"
628,"Marefa","0.042107256286973226","0.15788771932079093","0.09927374340670159"
623,"Google Translate","6.737579554882304e-103","0.2062206795308637","0.12190924711605686"
626,"Fine-tuned MarianMT","4.705444353773197e-103","0.16071967690854413","0.09818628412416061"
630,"Fine-tuned MarianMT","0.04839081059396704","0.19716976993804783","0.11539612414531672"
627,"Google Translate","3.554794669807069e-103","0.19582068872726935","0.11119555213660504"
629,"MarianMT","6.078239076787634e-103","0.2237526563874473","0.13018598404675177"
632,"Marefa","0.09866502443101263","0.2883435675697077","0.1788036197754195"
634,"Fine-tuned MarianMT","0.1345212292424581","0.4372304369474002","0.2700398218541572"
635,"Google Translate","0.11024602840091746","0.40981213825957297","0.25294203492767603"
636,"Marefa","0.07264112162531258","0.36198977412661393","0.2185759803077083"
637,"MarianMT","0.14144351218943335","0.2424505757139765","0.16808413341324224"
638,"Fine-tuned MarianMT","0.10824501190240965","0.32503576749652274","0.20977767066504868"
639,"Google Translate","0.20764312993685136","0.342727963408799","0.25038450884804037"
640,"Marefa","0.16937115726068247","0.29606545979104687","0.2101867203836851"
641,"MarianMT","0.3763940646208787","0.48937399979120777","0.37338966373957677"
642,"Fine-tuned MarianMT","0.27180935982797705","0.4646980332599326","0.3287771035733701"
643,"Google Translate","0.4811490260266546","0.509446996357499","0.41105450094833607"
644,"Marefa","0.25648128174133755","0.38168763445769777","0.2660152963536457"
645,"MarianMT","0.33047780043433345","0.5402387891953357","0.3900152043842685"
646,"Fine-tuned MarianMT","0.18739292910231084","0.4288281621638815","0.28121425067781414"
647,"Google Translate","0.40799812857867945","0.5290749032865221","0.3976648306608147"
648,"Marefa","0.2373268147320713","0.4688426988437206","0.30726654394587966"
